[
  {
    "value": "Thursdays",
    "synonyms": [
      "Thursdays",
      "every Thursday",
      "each Thursday"
    ]
  },
  {
    "value": "weekends",
    "synonyms": [
      "Weekends",
      "every weekend",
      "only on weekends"
    ]
  },
  {
    "value": "every month",
    "synonyms": [
      "every month"
    ]
  },
  {
    "value": "Mondays, Tuesdays",
    "synonyms": [
      "Mondays, Tuesdays",
      "on Mondays and Tuesdays",
      "every Monday and Tuesday",
      "every Monday and every Tuesday"
    ]
  },
  {
    "value": "Tuesdays",
    "synonyms": [
      "Tuesdays",
      "every Tuesday",
      "each Tuesday"
    ]
  },
  {
    "value": "Mondays",
    "synonyms": [
      "every Monday",
      "Mondays",
      "each Monday"
    ]
  },
  {
    "value": "weekly",
    "synonyms": [
      "weekly"
    ]
  },
  {
    "value": "weekdays",
    "synonyms": [
      "Weekdays",
      "every weekday",
      "only on weeekdays",
      "every workday",
      "on weekdays",
      "monday to friday",
      "workday",
      "workdays",
      "work days",
      "working days",
      "week days"
    ]
  },
  {
    "value": "Wednesdays",
    "synonyms": [
      "Wednesdays",
      "every Wednesday",
      "each Wednesday"
    ]
  },
  {
    "value": "every day",
    "synonyms": [
      "every day",
      "everyday",
      "every morning",
      "each weekend",
      "each morning",
      "daily",
      "daily"
    ]
  },
  {
    "value": "Mondays, Tuesdays, Wednesdays, Thursdays, Fridays, Saturdays",
    "synonyms": [
      "Mondays, Tuesdays, Wednesdays, Thursdays, Fridays, Saturdays",
      "every day except Sundays"
    ]
  },
  {
    "value": "Fridays",
    "synonyms": [
      "Fridays",
      "every Friday",
      "each Friday"
    ]
  },
  {
    "value": "Sundays",
    "synonyms": [
      "Sundays",
      "every Sunday",
      "each Sunday"
    ]
  },
  {
    "value": "Saturdays",
    "synonyms": [
      "Saturdays",
      "every Saturday",
      "each Saturday",
      "for saturdays"
    ]
  },
  {
    "value": "Mondays, Tuesdays, Wednesdays",
    "synonyms": [
      "Mondays, Tuesdays, Wednesdays",
      "on Mondays, Tuesdays and Wednesdays",
      "every Monday, Tuesday and Wednesday"
    ]
  },
  {
    "value": "Mondays, Tuesdays, Wednesdays, Thursdays",
    "synonyms": [
      "Mondays, Tuesdays, Wednesdays, Thursdays",
      "every Monday, Tuesday, Wednesday and Thursday",
      "on Mondays, Tuesdays, Wednesdays and Thursdays"
    ]
  }
]