[
  {
    "id": "c5228f70-fe3d-4c9e-940a-7eedfc16e57c",
    "data": [
      {
        "text": "turn off the alarm for ",
        "userDefined": false
      },
      {
        "text": "10 am",
        "alias": "time",
        "meta": "@sys.time",
        "userDefined": true
      }
    ],
    "isTemplate": false,
    "count": 0,
    "updated": 0
  },
  {
    "id": "6eb12b21-8813-4e76-a8e8-55f481c9f087",
    "data": [
      {
        "text": "I\u0027d like to remove my alarms",
        "userDefined": false
      }
    ],
    "isTemplate": false,
    "count": 0,
    "updated": 0
  },
  {
    "id": "9e37e5b6-d60a-422a-93d3-46f4a9a0c84e",
    "data": [
      {
        "text": "turn off alarms",
        "userDefined": false
      }
    ],
    "isTemplate": false,
    "count": 0,
    "updated": 0
  },
  {
    "id": "e080e4cf-50af-4f60-a0db-6bfadde0157b",
    "data": [
      {
        "text": "cancel ",
        "userDefined": false
      },
      {
        "text": "tomorrow\u0027s",
        "alias": "date",
        "meta": "@sys.date",
        "userDefined": true
      },
      {
        "text": " ",
        "userDefined": false
      },
      {
        "text": "8 pm",
        "alias": "time",
        "meta": "@sys.time",
        "userDefined": true
      },
      {
        "text": " alarm",
        "userDefined": false
      }
    ],
    "isTemplate": false,
    "count": 0,
    "updated": 0
  },
  {
    "id": "29eb2ae2-d55a-4c04-be15-83cc17c29dea",
    "data": [
      {
        "text": "turn off ",
        "userDefined": false
      },
      {
        "text": "all",
        "alias": "all",
        "meta": "@all",
        "userDefined": true
      },
      {
        "text": " my alarms",
        "userDefined": false
      }
    ],
    "isTemplate": false,
    "count": 0,
    "updated": 0
  },
  {
    "id": "210b8880-add4-41a9-84f5-469368c5b2d8",
    "data": [
      {
        "text": "remove my alarms for ",
        "userDefined": false
      },
      {
        "text": "tomorrow morning",
        "alias": "time-period",
        "meta": "@sys.time-period",
        "userDefined": true
      }
    ],
    "isTemplate": false,
    "count": 0,
    "updated": 0
  },
  {
    "id": "b3c3035c-edb0-4564-b676-58b60b26e9b9",
    "data": [
      {
        "text": "don\u0027t wake me up on ",
        "userDefined": false
      },
      {
        "text": "Mondays",
        "alias": "recurrence",
        "meta": "@recurrence",
        "userDefined": true
      }
    ],
    "isTemplate": false,
    "count": 0,
    "updated": 0
  },
  {
    "id": "8688fd33-56b9-4b4e-9cb7-9c3c8ee4f371",
    "data": [
      {
        "text": "remove ",
        "userDefined": false
      },
      {
        "text": "6 am",
        "alias": "time",
        "meta": "@sys.time",
        "userDefined": true
      },
      {
        "text": " alarm",
        "userDefined": false
      }
    ],
    "isTemplate": false,
    "count": 0,
    "updated": 0
  },
  {
    "id": "bdcea75f-cd41-4c16-88e6-a9261e97d0b7",
    "data": [
      {
        "text": "erase the list of ",
        "userDefined": false
      },
      {
        "text": "all",
        "alias": "all",
        "meta": "@all",
        "userDefined": true
      },
      {
        "text": " my alarms",
        "userDefined": false
      }
    ],
    "isTemplate": false,
    "count": 0,
    "updated": 0
  },
  {
    "id": "9d2cf775-7547-483b-a2fa-32f391e03c00",
    "data": [
      {
        "text": "remove ",
        "userDefined": false
      },
      {
        "text": "all",
        "alias": "all",
        "meta": "@all",
        "userDefined": true
      },
      {
        "text": " my alarms",
        "userDefined": false
      }
    ],
    "isTemplate": false,
    "count": 0,
    "updated": 0
  },
  {
    "id": "16a54765-8255-487a-81af-98ee9f8118c0",
    "data": [
      {
        "text": "disable my ",
        "userDefined": false
      },
      {
        "text": "Work",
        "alias": "alarm-name",
        "meta": "@sys.any",
        "userDefined": true
      },
      {
        "text": " alarm",
        "userDefined": false
      }
    ],
    "isTemplate": false,
    "count": 0,
    "updated": 0
  },
  {
    "id": "4bc9f105-369d-4ade-8edc-98c88e956bbf",
    "data": [
      {
        "text": "don\u0027t wake me up at ",
        "userDefined": false
      },
      {
        "text": "5 am",
        "alias": "time",
        "meta": "@sys.time",
        "userDefined": true
      },
      {
        "text": " ",
        "userDefined": false
      },
      {
        "text": "next week",
        "alias": "date-period",
        "meta": "@sys.date-period",
        "userDefined": true
      }
    ],
    "isTemplate": false,
    "count": 0,
    "updated": 0
  },
  {
    "id": "186d96e6-2b97-40b7-8cd4-9abded8862cc",
    "data": [
      {
        "text": "remove my alarms set for ",
        "userDefined": false
      },
      {
        "text": "8 am",
        "alias": "time",
        "meta": "@sys.time",
        "userDefined": true
      }
    ],
    "isTemplate": false,
    "count": 0,
    "updated": 0
  },
  {
    "id": "ed78c920-8911-43f9-b826-8c45938898e6",
    "data": [
      {
        "text": "I\u0027d like to turn off the ",
        "userDefined": false
      },
      {
        "text": "weekly",
        "alias": "recurrence",
        "meta": "@recurrence",
        "userDefined": true
      },
      {
        "text": " alarm at ",
        "userDefined": false
      },
      {
        "text": "10 am",
        "alias": "time",
        "meta": "@sys.time",
        "userDefined": true
      }
    ],
    "isTemplate": false,
    "count": 0,
    "updated": 0
  },
  {
    "id": "65882e7f-1d25-4751-96e9-4a33b5b35ecf",
    "data": [
      {
        "text": "remove alarm",
        "userDefined": false
      }
    ],
    "isTemplate": false,
    "count": 0,
    "updated": 0
  },
  {
    "id": "dd233d2f-6ce7-469a-bd06-989e1ae3cbed",
    "data": [
      {
        "text": "clear the alarms list for ",
        "userDefined": false
      },
      {
        "text": "next week",
        "alias": "date-period",
        "meta": "@sys.date-period",
        "userDefined": true
      }
    ],
    "isTemplate": false,
    "count": 0,
    "updated": 0
  },
  {
    "id": "89b406b3-ee34-48c9-991b-a60a24e09675",
    "data": [
      {
        "text": "switch off my alarms for ",
        "userDefined": false
      },
      {
        "text": "tomorrow",
        "alias": "date",
        "meta": "@sys.date",
        "userDefined": true
      }
    ],
    "isTemplate": false,
    "count": 0,
    "updated": 0
  },
  {
    "id": "4889548a-e09a-4bed-861b-2d0ff0fd96d7",
    "data": [
      {
        "text": "delete the alarm called ",
        "userDefined": false
      },
      {
        "text": "Gym",
        "alias": "alarm-name",
        "meta": "@sys.any",
        "userDefined": true
      }
    ],
    "isTemplate": false,
    "count": 0,
    "updated": 0
  },
  {
    "id": "14a6ea0e-e21d-4540-ab4a-4e6e2644c338",
    "data": [
      {
        "text": "turn off my ",
        "userDefined": false
      },
      {
        "text": "weekly",
        "alias": "recurrence",
        "meta": "@recurrence",
        "userDefined": true
      },
      {
        "text": " alarm",
        "userDefined": false
      }
    ],
    "isTemplate": false,
    "count": 0,
    "updated": 0
  },
  {
    "id": "72d430c7-4d8b-46e8-83b3-91bbbd4a75d6",
    "data": [
      {
        "text": "remove alarms for ",
        "userDefined": false
      },
      {
        "text": "tomorrow",
        "alias": "date",
        "meta": "@sys.date",
        "userDefined": true
      },
      {
        "text": " at ",
        "userDefined": false
      },
      {
        "text": "9",
        "alias": "time",
        "meta": "@sys.time",
        "userDefined": true
      }
    ],
    "isTemplate": false,
    "count": 0,
    "updated": 0
  },
  {
    "id": "2c1e4dd1-063c-40dd-a7fb-dbf15bd6c252",
    "data": [
      {
        "text": "remove ",
        "userDefined": false
      },
      {
        "text": "all",
        "alias": "all",
        "meta": "@all",
        "userDefined": true
      },
      {
        "text": " my alarms at ",
        "userDefined": false
      },
      {
        "text": "8 am",
        "alias": "time",
        "meta": "@sys.time",
        "userDefined": true
      }
    ],
    "isTemplate": false,
    "count": 0,
    "updated": 0
  },
  {
    "id": "a4fd8c9c-6065-4981-b683-dd8f83c00606",
    "data": [
      {
        "text": "could you erase my alarms list",
        "userDefined": false
      }
    ],
    "isTemplate": false,
    "count": 0,
    "updated": 0
  },
  {
    "id": "28d6cd6d-a72d-49e8-8d12-086082100fd5",
    "data": [
      {
        "text": "can you remove my ",
        "userDefined": false
      },
      {
        "text": "6 am",
        "alias": "time",
        "meta": "@sys.time",
        "userDefined": true
      },
      {
        "text": " alarm please",
        "userDefined": false
      }
    ],
    "isTemplate": false,
    "count": 0,
    "updated": 0
  }
]