[
  {
    "id": "d1ab6804-8ec3-423a-9c54-b56bce2934f2",
    "data": [
      {
        "text": "I\u0027d like to set an alarm at ",
        "userDefined": false
      },
      {
        "text": "7 am",
        "alias": "time",
        "meta": "@sys.time",
        "userDefined": true
      },
      {
        "text": " ",
        "userDefined": false
      },
      {
        "text": "every weekend",
        "alias": "recurrence",
        "meta": "@recurrence",
        "userDefined": true
      }
    ],
    "isTemplate": false,
    "count": 0,
    "updated": 0
  },
  {
    "id": "53fc2b3e-4e9f-4449-88c8-89e211d5a12c",
    "data": [
      {
        "text": "set alarm at ",
        "userDefined": false
      },
      {
        "text": "8 am",
        "alias": "time",
        "meta": "@sys.time",
        "userDefined": true
      },
      {
        "text": " in the morning",
        "userDefined": false
      }
    ],
    "isTemplate": false,
    "count": 0,
    "updated": 0
  },
  {
    "id": "a4678933-c708-4bf7-870b-eb979e41d096",
    "data": [
      {
        "text": "set new alarm for ",
        "userDefined": false
      },
      {
        "text": "10 pm",
        "alias": "time",
        "meta": "@sys.time",
        "userDefined": true
      }
    ],
    "isTemplate": false,
    "count": 0,
    "updated": 0
  },
  {
    "id": "4b720b3f-0eec-418b-865f-8ea62ba27268",
    "data": [
      {
        "text": "set alarm ",
        "userDefined": false
      },
      {
        "text": "Work",
        "alias": "alarm-name",
        "meta": "@sys.any",
        "userDefined": true
      },
      {
        "text": " ",
        "userDefined": false
      },
      {
        "text": "tomorrow",
        "alias": "date",
        "meta": "@sys.date",
        "userDefined": true
      },
      {
        "text": " at ",
        "userDefined": false
      },
      {
        "text": "9 pm",
        "alias": "time",
        "meta": "@sys.time",
        "userDefined": true
      }
    ],
    "isTemplate": false,
    "count": 0,
    "updated": 0
  },
  {
    "id": "1fec6f3d-d29f-47cf-918b-1c642c2c4a08",
    "data": [
      {
        "text": "alarm",
        "userDefined": false
      }
    ],
    "isTemplate": false,
    "count": 0,
    "updated": 0
  },
  {
    "id": "0c9ed0d4-68d6-4192-8707-a0cb8fe88322",
    "data": [
      {
        "text": "new alarm called ",
        "userDefined": false
      },
      {
        "text": "Gym",
        "alias": "alarm-name",
        "meta": "@sys.any",
        "userDefined": true
      },
      {
        "text": " for ",
        "userDefined": false
      },
      {
        "text": "weekdays",
        "alias": "recurrence",
        "meta": "@recurrence",
        "userDefined": true
      },
      {
        "text": " at ",
        "userDefined": false
      },
      {
        "text": "10",
        "alias": "time",
        "meta": "@sys.time",
        "userDefined": true
      }
    ],
    "isTemplate": false,
    "count": 0,
    "updated": 0
  },
  {
    "id": "ea14909d-6d78-4f1b-bb7e-2b6b2ba35a28",
    "data": [
      {
        "text": "new alarm called ",
        "userDefined": false
      },
      {
        "text": "Gym",
        "alias": "alarm-name",
        "meta": "@sys.any",
        "userDefined": true
      }
    ],
    "isTemplate": false,
    "count": 0,
    "updated": 0
  },
  {
    "id": "7758aaef-0b43-402e-a215-c48897f17b99",
    "data": [
      {
        "text": "alarm for ",
        "userDefined": false
      },
      {
        "text": "9 am",
        "alias": "time",
        "meta": "@sys.time",
        "userDefined": true
      }
    ],
    "isTemplate": false,
    "count": 0,
    "updated": 0
  },
  {
    "id": "bcb527b9-f9c3-40f4-b482-b3e9708144b2",
    "data": [
      {
        "text": "wake me up with ",
        "userDefined": false
      },
      {
        "text": "Cool Girl",
        "alias": "song",
        "meta": "@song",
        "userDefined": true
      },
      {
        "text": " song",
        "userDefined": false
      }
    ],
    "isTemplate": false,
    "count": 0,
    "updated": 0
  },
  {
    "id": "b2f2209a-0cac-4ad0-b1e0-2df786367c66",
    "data": [
      {
        "text": "wake me up ",
        "userDefined": false
      },
      {
        "text": "in 8 hours",
        "alias": "time",
        "meta": "@sys.time",
        "userDefined": true
      },
      {
        "text": " with ",
        "userDefined": false
      },
      {
        "text": "Let It Be",
        "alias": "song",
        "meta": "@song",
        "userDefined": true
      },
      {
        "text": " by ",
        "userDefined": false
      },
      {
        "text": "The Beatles",
        "alias": "artist",
        "meta": "@sys.music-artist",
        "userDefined": true
      }
    ],
    "isTemplate": false,
    "count": 0,
    "updated": 0
  },
  {
    "id": "7ba8af09-7975-4e4e-8fa4-4212f0638488",
    "data": [
      {
        "text": "I want to wake ",
        "userDefined": false
      },
      {
        "text": "every day",
        "alias": "recurrence",
        "meta": "@recurrence",
        "userDefined": true
      },
      {
        "text": " at ",
        "userDefined": false
      },
      {
        "text": "7 am",
        "alias": "time",
        "meta": "@sys.time",
        "userDefined": true
      },
      {
        "text": " with ",
        "userDefined": false
      },
      {
        "text": "Jazz",
        "alias": "genre",
        "meta": "@sys.music-genre",
        "userDefined": true
      },
      {
        "text": " music",
        "userDefined": false
      }
    ],
    "isTemplate": false,
    "count": 0,
    "updated": 0
  },
  {
    "id": "65f6d475-2569-465a-b483-f6596ef2a15a",
    "data": [
      {
        "text": "set an alarm",
        "userDefined": false
      }
    ],
    "isTemplate": false,
    "count": 0,
    "updated": 0
  },
  {
    "id": "e76eb2f6-6323-4130-a547-ef517d42f85a",
    "data": [
      {
        "text": "wake me up at ",
        "userDefined": false
      },
      {
        "text": "9 am",
        "alias": "time",
        "meta": "@sys.time",
        "userDefined": true
      }
    ],
    "isTemplate": false,
    "count": 0,
    "updated": 0
  },
  {
    "id": "dfbd21e5-933b-408a-b43b-6386b1a5f40c",
    "data": [
      {
        "text": "set new alarm for ",
        "userDefined": false
      },
      {
        "text": "9 am",
        "alias": "time",
        "meta": "@sys.time",
        "userDefined": true
      },
      {
        "text": " on ",
        "userDefined": false
      },
      {
        "text": "Wednesday",
        "alias": "date",
        "meta": "@sys.date",
        "userDefined": true
      }
    ],
    "isTemplate": false,
    "count": 0,
    "updated": 0
  },
  {
    "id": "a2a90629-00c4-46f8-8e88-ce8b703cd776",
    "data": [
      {
        "text": "wake me up at ",
        "userDefined": false
      },
      {
        "text": "8",
        "alias": "time",
        "meta": "@sys.time",
        "userDefined": true
      },
      {
        "text": " ",
        "userDefined": false
      },
      {
        "text": "every day",
        "alias": "recurrence",
        "meta": "@recurrence",
        "userDefined": true
      }
    ],
    "isTemplate": false,
    "count": 0,
    "updated": 0
  },
  {
    "id": "48361ab5-dfcc-4959-9e2c-a83399f23dd6",
    "data": [
      {
        "text": "could you set an alarm for ",
        "userDefined": false
      },
      {
        "text": "6 am",
        "alias": "time",
        "meta": "@sys.time",
        "userDefined": true
      }
    ],
    "isTemplate": false,
    "count": 0,
    "updated": 0
  },
  {
    "id": "63f78e3d-4a26-4478-9959-10d634596dc0",
    "data": [
      {
        "text": "new alarm",
        "userDefined": false
      }
    ],
    "isTemplate": false,
    "count": 0,
    "updated": 0
  },
  {
    "id": "0d868dfa-8b5e-4fbd-be86-97f22f08bab5",
    "data": [
      {
        "text": "I need an alarm set for ",
        "userDefined": false
      },
      {
        "text": "weekdays",
        "alias": "recurrence",
        "meta": "@recurrence",
        "userDefined": true
      },
      {
        "text": " at ",
        "userDefined": false
      },
      {
        "text": "4 am",
        "alias": "time",
        "meta": "@sys.time",
        "userDefined": true
      }
    ],
    "isTemplate": false,
    "count": 0,
    "updated": 0
  },
  {
    "id": "e19b9417-29c0-4024-840d-ccbf3247f71f",
    "data": [
      {
        "text": "wake me up ",
        "userDefined": false
      },
      {
        "text": "every day",
        "alias": "recurrence",
        "meta": "@recurrence",
        "userDefined": true
      },
      {
        "text": " at ",
        "userDefined": false
      },
      {
        "text": "6",
        "alias": "time",
        "meta": "@sys.time",
        "userDefined": true
      }
    ],
    "isTemplate": false,
    "count": 0,
    "updated": 0
  },
  {
    "id": "d0fbbeed-357d-41af-af6c-4c2172f671d9",
    "data": [
      {
        "text": "could you set an alarm for ",
        "userDefined": false
      },
      {
        "text": "every Monday",
        "alias": "recurrence",
        "meta": "@recurrence",
        "userDefined": true
      },
      {
        "text": " at ",
        "userDefined": false
      },
      {
        "text": "9 am",
        "alias": "time",
        "meta": "@sys.time",
        "userDefined": true
      }
    ],
    "isTemplate": false,
    "count": 0,
    "updated": 0
  },
  {
    "id": "8c546606-e7b1-41b9-b713-e5b8253f08e4",
    "data": [
      {
        "text": "could you set an alarm",
        "userDefined": false
      }
    ],
    "isTemplate": false,
    "count": 0,
    "updated": 0
  },
  {
    "id": "f45ee8ba-1ba6-4960-ae91-80a334243a39",
    "data": [
      {
        "text": "set alarm for ",
        "userDefined": false
      },
      {
        "text": "10 am",
        "alias": "time",
        "meta": "@sys.time",
        "userDefined": true
      },
      {
        "text": " ",
        "userDefined": false
      },
      {
        "text": "tomorrow",
        "alias": "date",
        "meta": "@sys.date",
        "userDefined": true
      }
    ],
    "isTemplate": false,
    "count": 0,
    "updated": 0
  },
  {
    "id": "613de123-9076-4a32-85c3-a29979a4c3bd",
    "data": [
      {
        "text": "wake me up",
        "meta": "@sys.ignore",
        "userDefined": false
      }
    ],
    "isTemplate": false,
    "count": 0,
    "updated": 0
  },
  {
    "id": "1959a324-9c3f-4807-964e-06b2865cc826",
    "data": [
      {
        "text": "I\u0027d like to set an alarm for ",
        "userDefined": false
      },
      {
        "text": "7 pm",
        "alias": "time",
        "meta": "@sys.time",
        "userDefined": true
      }
    ],
    "isTemplate": false,
    "count": 0,
    "updated": 0
  },
  {
    "id": "12d4a917-287b-4ac1-abd6-ce01befc4fb6",
    "data": [
      {
        "text": "alarm for ",
        "userDefined": false
      },
      {
        "text": "tomorrow",
        "alias": "date",
        "meta": "@sys.date",
        "userDefined": true
      },
      {
        "text": " at ",
        "userDefined": false
      },
      {
        "text": "8 pm",
        "alias": "time",
        "meta": "@sys.time",
        "userDefined": true
      }
    ],
    "isTemplate": false,
    "count": 0,
    "updated": 0
  }
]