[
  {
    "id": "ef42a1c3-fe16-4c13-b8e0-199ad0c247dc",
    "data": [
      {
        "text": "rename my ",
        "userDefined": false
      },
      {
        "text": "Gym",
        "alias": "alarm-name",
        "meta": "@sys.any",
        "userDefined": true
      },
      {
        "text": " alarm to ",
        "userDefined": false
      },
      {
        "text": "Sports",
        "alias": "alarm-name-to",
        "meta": "@sys.any",
        "userDefined": true
      }
    ],
    "isTemplate": false,
    "count": 0,
    "updated": 0
  },
  {
    "id": "ef77307a-fa1c-4fc2-9232-163b26390475",
    "data": [
      {
        "text": "move my ",
        "userDefined": false
      },
      {
        "text": "4:00 am",
        "alias": "time-from",
        "meta": "@sys.time",
        "userDefined": true
      },
      {
        "text": " alarm to ",
        "userDefined": false
      },
      {
        "text": "5:30",
        "alias": "time-to",
        "meta": "@sys.time",
        "userDefined": true
      }
    ],
    "isTemplate": false,
    "count": 0,
    "updated": 0
  },
  {
    "id": "60a5c275-779b-42bb-9b9e-c1cc4b75b318",
    "data": [
      {
        "text": "change the alarm ",
        "userDefined": false
      },
      {
        "text": "music",
        "meta": "@sys.ignore",
        "userDefined": false
      }
    ],
    "isTemplate": false,
    "count": 0,
    "updated": 0
  },
  {
    "id": "6093c840-c942-4cab-af7c-c0c4ced98e8d",
    "data": [
      {
        "text": "I\u0027d like to change my alarm to ",
        "userDefined": false
      },
      {
        "text": "8:30 am",
        "alias": "time-to",
        "meta": "@sys.time",
        "userDefined": true
      }
    ],
    "isTemplate": false,
    "count": 0,
    "updated": 0
  },
  {
    "id": "ab4dc56d-b687-44e4-87c5-455e27dd17fe",
    "data": [
      {
        "text": "change my ",
        "userDefined": false
      },
      {
        "text": "daily",
        "alias": "recurrence-from",
        "meta": "@recurrence",
        "userDefined": true
      },
      {
        "text": " alarm recurrence to ",
        "userDefined": false
      },
      {
        "text": "every Sunday",
        "alias": "recurrence-to",
        "meta": "@recurrence",
        "userDefined": true
      }
    ],
    "isTemplate": false,
    "count": 0,
    "updated": 0
  },
  {
    "id": "e911be00-5496-47bd-a348-25dcda39fe4e",
    "data": [
      {
        "text": "manage alarms",
        "userDefined": false
      }
    ],
    "isTemplate": false,
    "count": 0,
    "updated": 0
  },
  {
    "id": "c42f57b3-5fa4-4777-82f4-ddbab5d2ebf2",
    "data": [
      {
        "text": "reschedule an alarm",
        "userDefined": false
      }
    ],
    "isTemplate": false,
    "count": 0,
    "updated": 0
  },
  {
    "id": "fa6c55ee-11ab-40a3-8d96-3cd93bf83604",
    "data": [
      {
        "text": "edit alarm",
        "userDefined": false
      }
    ],
    "isTemplate": false,
    "count": 1,
    "updated": 0
  },
  {
    "id": "c82b4058-db92-487c-8fd5-da5c5f7931f8",
    "data": [
      {
        "text": "edit the ",
        "userDefined": false
      },
      {
        "text": "wake",
        "meta": "@sys.ignore",
        "userDefined": false
      },
      {
        "text": " ",
        "userDefined": false
      },
      {
        "text": "up",
        "meta": "@sys.ignore",
        "userDefined": false
      },
      {
        "text": " time",
        "userDefined": false
      }
    ],
    "isTemplate": false,
    "count": 0,
    "updated": 0
  },
  {
    "id": "072e1d0a-83f2-4290-9c5d-106efaa28346",
    "data": [
      {
        "text": "edit my alarm for ",
        "userDefined": false
      },
      {
        "text": "tomorrow",
        "alias": "date-from",
        "meta": "@sys.date",
        "userDefined": true
      }
    ],
    "isTemplate": false,
    "count": 0,
    "updated": 0
  },
  {
    "id": "48f9a8c9-85c3-43c8-b0d5-ef48fd271fa6",
    "data": [
      {
        "text": "how can I modify my ",
        "userDefined": false
      },
      {
        "text": "daily",
        "alias": "recurrence-from",
        "meta": "@recurrence",
        "userDefined": true
      },
      {
        "text": " alarm",
        "userDefined": false
      }
    ],
    "isTemplate": false,
    "count": 0,
    "updated": 0
  },
  {
    "id": "f1d65752-c4a2-41fe-99ca-370593e3d62c",
    "data": [
      {
        "text": "how can I change the ",
        "userDefined": false
      },
      {
        "text": "wake",
        "meta": "@sys.ignore",
        "userDefined": false
      },
      {
        "text": " ",
        "userDefined": false
      },
      {
        "text": "up",
        "meta": "@sys.ignore",
        "userDefined": false
      },
      {
        "text": " ",
        "userDefined": false
      },
      {
        "text": "music",
        "meta": "@sys.ignore",
        "userDefined": false
      }
    ],
    "isTemplate": false,
    "count": 0,
    "updated": 0
  },
  {
    "id": "9f1b9ee5-5711-4652-8c9f-8b623ec02fb3",
    "data": [
      {
        "text": "could you move my alarm from ",
        "userDefined": false
      },
      {
        "text": "Friday",
        "alias": "date-from",
        "meta": "@sys.date",
        "userDefined": true
      },
      {
        "text": " to ",
        "userDefined": false
      },
      {
        "text": "Saturday",
        "alias": "date-to",
        "meta": "@sys.date",
        "userDefined": true
      }
    ],
    "isTemplate": false,
    "count": 0,
    "updated": 0
  },
  {
    "id": "05943c0f-8b1d-49a1-96f8-6f54b85fe624",
    "data": [
      {
        "text": "edit ",
        "userDefined": false
      },
      {
        "text": "every Monday",
        "alias": "recurrence-from",
        "meta": "@recurrence",
        "userDefined": true
      },
      {
        "text": " alarm to ",
        "userDefined": false
      },
      {
        "text": "every Tuesday",
        "alias": "recurrence-to",
        "meta": "@recurrence",
        "userDefined": true
      }
    ],
    "isTemplate": false,
    "count": 0,
    "updated": 0
  },
  {
    "id": "4d297b69-0c02-49e3-8b50-6819dc1b885d",
    "data": [
      {
        "text": "edit the wake up call song to ",
        "userDefined": false
      },
      {
        "text": "Yellow Submarine",
        "alias": "song",
        "meta": "@sys.any",
        "userDefined": true
      }
    ],
    "isTemplate": false,
    "count": 0,
    "updated": 0
  },
  {
    "id": "966d8ed9-c2ba-4922-998d-ee0dad27fd8a",
    "data": [
      {
        "text": "edit my ",
        "userDefined": false
      },
      {
        "text": "6:10",
        "alias": "time-from",
        "meta": "@sys.time",
        "userDefined": true
      },
      {
        "text": " alarm",
        "userDefined": false
      }
    ],
    "isTemplate": false,
    "count": 0,
    "updated": 0
  },
  {
    "id": "014372c8-5112-4009-9bd5-0219f472cd2a",
    "data": [
      {
        "text": "change ",
        "userDefined": false
      },
      {
        "text": "all",
        "alias": "all",
        "meta": "@all",
        "userDefined": true
      },
      {
        "text": " my alarms",
        "userDefined": false
      }
    ],
    "isTemplate": false,
    "count": 0,
    "updated": 0
  },
  {
    "id": "1e45a824-1407-4eeb-ad9f-8d1f015e05ee",
    "data": [
      {
        "text": "I\u0027d like to reschedule ",
        "userDefined": false
      },
      {
        "text": "all",
        "alias": "all",
        "meta": "@all",
        "userDefined": true
      },
      {
        "text": " my alarms",
        "userDefined": false
      }
    ],
    "isTemplate": false,
    "count": 0,
    "updated": 0
  },
  {
    "id": "f6977fb8-f2f0-4c93-b9e3-6523a04bc2ff",
    "data": [
      {
        "text": "change my alarm to ",
        "userDefined": false
      },
      {
        "text": "3 pm",
        "alias": "time-to",
        "meta": "@sys.time",
        "userDefined": true
      }
    ],
    "isTemplate": false,
    "count": 0,
    "updated": 0
  },
  {
    "id": "b3fa9438-3f23-4335-8e93-98b007c2409c",
    "data": [
      {
        "text": "reschedule the ",
        "userDefined": false
      },
      {
        "text": "6 pm",
        "alias": "time-from",
        "meta": "@sys.time",
        "userDefined": true
      },
      {
        "text": " alarm to ",
        "userDefined": false
      },
      {
        "text": "7 pm",
        "alias": "time-to",
        "meta": "@sys.time",
        "userDefined": true
      }
    ],
    "isTemplate": false,
    "count": 0,
    "updated": 0
  },
  {
    "id": "23a15625-bd02-4d94-9b91-28389aa5d7ac",
    "data": [
      {
        "text": "move my ",
        "userDefined": false
      },
      {
        "text": "Gym",
        "alias": "alarm-name",
        "meta": "@sys.any",
        "userDefined": true
      },
      {
        "text": " alarm to ",
        "userDefined": false
      },
      {
        "text": "10 pm",
        "alias": "time-to",
        "meta": "@sys.time",
        "userDefined": true
      }
    ],
    "isTemplate": false,
    "count": 0,
    "updated": 0
  },
  {
    "id": "8522f212-b433-4c5f-85c2-178582741053",
    "data": [
      {
        "text": "change my ",
        "userDefined": false
      },
      {
        "text": "Tuesday",
        "alias": "date-from",
        "meta": "@sys.date",
        "userDefined": true
      },
      {
        "text": " alarm",
        "userDefined": false
      }
    ],
    "isTemplate": false,
    "count": 0,
    "updated": 0
  },
  {
    "id": "755cd8a5-cc58-4c16-9871-c1dc9a991097",
    "data": [
      {
        "text": "change the ",
        "userDefined": false
      },
      {
        "text": "8:45",
        "alias": "time-from",
        "meta": "@sys.time",
        "userDefined": true
      },
      {
        "text": " alarm music to ",
        "userDefined": false
      },
      {
        "text": "Yellow Submarine",
        "alias": "song",
        "meta": "@sys.any",
        "userDefined": true
      }
    ],
    "isTemplate": false,
    "count": 0,
    "updated": 0
  },
  {
    "id": "10dc31f4-a0d4-4945-bf71-74210192c030",
    "data": [
      {
        "text": "I\u0027d like to customize my ",
        "userDefined": false
      },
      {
        "text": "07:45",
        "alias": "time-from",
        "meta": "@sys.time",
        "userDefined": true
      },
      {
        "text": " alarm",
        "userDefined": false
      }
    ],
    "isTemplate": false,
    "count": 0,
    "updated": 0
  },
  {
    "id": "6e400470-1a31-4fd1-b1e8-3b1d76a28191",
    "data": [
      {
        "text": "reschedule my ",
        "userDefined": false
      },
      {
        "text": "daily",
        "alias": "recurrence-from",
        "meta": "@recurrence",
        "userDefined": true
      },
      {
        "text": " alarm to ",
        "userDefined": false
      },
      {
        "text": "every Monday",
        "alias": "recurrence-to",
        "meta": "@recurrence",
        "userDefined": true
      },
      {
        "text": " at ",
        "userDefined": false
      },
      {
        "text": "9 am",
        "alias": "time-to",
        "meta": "@sys.time",
        "userDefined": true
      }
    ],
    "isTemplate": false,
    "count": 0,
    "updated": 0
  },
  {
    "id": "840a5eb6-089e-4371-a450-2e7b9dc5d790",
    "data": [
      {
        "text": "could you change the ",
        "userDefined": false
      },
      {
        "text": "8:30",
        "alias": "time-from",
        "meta": "@sys.time",
        "userDefined": true
      },
      {
        "text": " alarm",
        "userDefined": false
      }
    ],
    "isTemplate": false,
    "count": 0,
    "updated": 0
  },
  {
    "id": "e0c18222-6f25-4b76-8862-91e0d38d986f",
    "data": [
      {
        "text": "I need to change my ",
        "userDefined": false
      },
      {
        "text": "5 am",
        "alias": "time-from",
        "meta": "@sys.time",
        "userDefined": true
      },
      {
        "text": " alarm to ",
        "userDefined": false
      },
      {
        "text": "7 am",
        "alias": "time-to",
        "meta": "@sys.time",
        "userDefined": true
      }
    ],
    "isTemplate": false,
    "count": 0,
    "updated": 0
  },
  {
    "id": "4d009cab-d699-4e5e-a47c-d5799c5ba0e7",
    "data": [
      {
        "text": "move my alarm from ",
        "userDefined": false
      },
      {
        "text": "Friday",
        "alias": "date-from",
        "meta": "@sys.date",
        "userDefined": true
      },
      {
        "text": " ",
        "userDefined": false
      },
      {
        "text": "6 pm",
        "alias": "time-from",
        "meta": "@sys.time",
        "userDefined": true
      },
      {
        "text": " to ",
        "userDefined": false
      },
      {
        "text": "Saturday",
        "alias": "date-to",
        "meta": "@sys.date",
        "userDefined": true
      },
      {
        "text": " ",
        "userDefined": false
      },
      {
        "text": "7 pm",
        "alias": "time-to",
        "meta": "@sys.time",
        "userDefined": true
      }
    ],
    "isTemplate": false,
    "count": 0,
    "updated": 0
  },
  {
    "id": "a6a4a6ea-7978-49d1-9b02-fcec95686092",
    "data": [
      {
        "text": "edit the ",
        "userDefined": false
      },
      {
        "text": "ringtone",
        "meta": "@sys.ignore",
        "userDefined": false
      },
      {
        "text": " for my alarm",
        "userDefined": false
      }
    ],
    "isTemplate": false,
    "count": 0,
    "updated": 0
  },
  {
    "id": "349189d6-fb61-496f-a235-7840f2ffbade",
    "data": [
      {
        "text": "I\u0027d like to customize my alarm",
        "userDefined": false
      }
    ],
    "isTemplate": false,
    "count": 0,
    "updated": 0
  },
  {
    "id": "15d94cae-1b07-452d-a2ff-c93b078e7d8e",
    "data": [
      {
        "text": "rename my ",
        "userDefined": false
      },
      {
        "text": "Work",
        "alias": "alarm-name",
        "meta": "@sys.any",
        "userDefined": true
      },
      {
        "text": " alarm",
        "userDefined": false
      }
    ],
    "isTemplate": false,
    "count": 0,
    "updated": 0
  },
  {
    "id": "1f0dcc28-d708-4d42-b46c-cb30926ea4ca",
    "data": [
      {
        "text": "change ",
        "userDefined": false
      },
      {
        "text": "6 am",
        "alias": "time-from",
        "meta": "@sys.time",
        "userDefined": true
      },
      {
        "text": " alarm to ",
        "userDefined": false
      },
      {
        "text": "7 am",
        "alias": "time-to",
        "meta": "@sys.time",
        "userDefined": true
      }
    ],
    "isTemplate": false,
    "count": 0,
    "updated": 0
  }
]